Flight No.,Date and time (UTC),Launch site,Payload,Payload mass,Orbit,Customer,Launch outcome,Booster landing,Version Booster,Date,Time
1,2010-06-04 18:45:00,"CCAFS, SLC-40",Dragon Spacecraft Qualification Unit,,LEO,SpaceX,Success,Failure (parachute),F9 v1.0 B0003.1,2010-06-04,18:45:00
2,2010-12-08 15:43:00,"CCAFS, SLC-40",Dragon demo flight C1 (Dragon C101),,LEO (ISS),NASA (COTS) NRO,Success,Failure (parachute),F9 v1.0 B0004.1,2010-12-08,15:43:00
3,2012-05-22 07:44:00,"CCAFS, SLC-40",Dragon demo flight C2+ (Dragon C102),"525 kg (1,157 lb)",LEO (ISS),NASA (COTS),Success,No attempt,F9 v1.0 B0005.1,2012-05-22,07:44:00
4,2012-10-08 00:35:00,"CCAFS, SLC-40",SpaceX CRS-1 (Dragon C103),"4,700 kg (10,400 lb)",LEO (ISS),NASA (CRS),Success,No attempt,F9 v1.0 B0006.1,2012-10-08,00:35:00
4,2012-10-08 00:35:00,"CCAFS, SLC-40",Orbcomm-OG2,172 kg (379 lb),LEO,Orbcomm,Partial failure,No attempt,F9 v1.0 B0006.1,2012-10-08,00:35:00
5,2013-03-01 15:10:00,"CCAFS, SLC-40",SpaceX CRS-2 (Dragon C104),"4,877 kg (10,752 lb)",LEO (ISS),NASA (CRS),Success,No attempt,F9 v1.0 B0007.1,2013-03-01,15:10:00
6,2013-09-29 16:00:00,"VAFB, SLC-4E",CASSIOPE,"500 kg (1,100 lb)",Polar orbit LEO,MDA,Success,Uncontrolled (ocean)[d],F9 v1.1 B1003,2013-09-29,16:00:00
7,2013-12-03 22:41:00,"CCAFS, SLC-40",SES-8,"3,170 kg (6,990 lb)",GTO,SES,Success,No attempt ,F9 v1.1 B1004,2013-12-03,22:41:00
8,2014-01-06 22:06:00,"CCAFS, SLC-40",Thaicom 6,"3,325 kg (7,330 lb)",GTO,Thaicom,Success,No attempt ,F9 v1.1,2014-01-06,22:06:00
9,2014-04-18 19:25:00,"Cape Canaveral, LC-40",SpaceX CRS-3 (Dragon C105),"2,296 kg (5,062 lb)",LEO (ISS),NASA (CRS),Success,Controlled (ocean) [d],F9 v1.1,2014-04-18,19:25:00
10,2014-07-14 15:15:00,"Cape Canaveral, LC-40",Orbcomm-OG2-1 (6 satellites),"1,316 kg (2,901 lb)",LEO,Orbcomm,Success,Controlled (ocean)[d],F9 v1.1,2014-07-14,15:15:00
11,2014-08-05 08:00:00,"Cape Canaveral, LC-40",AsiaSat 8,"4,535 kg (9,998 lb)",GTO,AsiaSat,Success,No attempt ,F9 v1.1,2014-08-05,08:00:00
12,2014-09-07 05:00:00,"Cape Canaveral, LC-40",AsiaSat 6,"4,428 kg (9,762 lb)",GTO,AsiaSat,Success,No attempt,F9 v1.1 B1011,2014-09-07,05:00:00
13,2014-09-21 05:52:00,"Cape Canaveral, LC-40",SpaceX CRS-4 (Dragon C106.1),"2,216 kg (4,885 lb)",LEO (ISS),NASA (CRS),Success,Uncontrolled (ocean)[d],F9 v1.1 B1010,2014-09-21,05:52:00
14,2015-01-10 09:47:00,"Cape Canaveral, LC-40",SpaceX CRS-5 (Dragon C107),"2,395 kg (5,280 lb)",LEO (ISS),NASA (CRS),Success,Failure (drone ship),F9 v1.1 B1012,2015-01-10,09:47:00
15,2015-02-11 23:03:00,"Cape Canaveral, LC-40",DSCOVR,"570 kg (1,260 lb)",HEO (Sun–Earth L1 insertion),USAF NASA NOAA,Success,Controlled (ocean)[d],F9 v1.1 B1013,2015-02-11,23:03:00
16,2015-03-02 03:50:00,"Cape Canaveral, LC-40",ABS-3A Eutelsat 115 West B,"4,159 kg (9,169 lb)",GTO,ABS Eutelsat,Success,No attempt,F9 v1.1 B1014,2015-03-02,03:50:00
17,2015-04-14 20:10:00,"Cape Canaveral, LC-40",SpaceX CRS-6 (Dragon C108.1),"1,898 kg (4,184 lb)",LEO (ISS),NASA (CRS),Success,Failure (drone ship),F9 v1.1 B1015,2015-04-14,20:10:00
18,2015-04-27 23:03:00,"Cape Canaveral, LC-40",TürkmenÄlem 52°E / MonacoSAT,"4,707 kg (10,377 lb)",GTO,Turkmenistan National Space Agency,Success,No attempt,F9 v1.1 B1016,2015-04-27,23:03:00
19,2015-06-28 14:21:00,"Cape Canaveral, LC-40",SpaceX CRS-7 (Dragon C109),"1,952 kg (4,303 lb)",LEO (ISS),NASA (CRS),Failure (in flight),Precluded (drone ship),F9 v1.1 B1018,2015-06-28,14:21:00
20,2015-12-22 01:29:00,"Cape Canaveral, LC-40",Orbcomm-OG2-2 (11 satellites),"2,034 kg (4,484 lb)",LEO,Orbcomm,Success,Success (ground pad),F9 FT B1019.1,2015-12-22,01:29:00
21,2016-01-17 18:42:00,"VAFB, SLC-4E",Jason-3,"553 kg (1,219 lb)",LEO,NASA (LSP) NOAA CNES,Success,Failure (drone ship),F9 v1.1 B1017,2016-01-17,18:42:00
22,2016-03-04 23:35:00,"Cape Canaveral, LC-40",SES-9,"5,271 kg (11,621 lb)",GTO,SES,Success,Failure (drone ship),F9 FT B1020.1,2016-03-04,23:35:00
23,2016-04-08 20:43:00,"Cape Canaveral, LC-40",SpaceX CRS-8 (Dragon C110.1),"3,136 kg (6,914 lb)",LEO (ISS),NASA (CRS),Success,Success (drone ship),F9 FT B1021.1,2016-04-08,20:43:00
24,2016-05-06 05:21:00,"Cape Canaveral, LC-40",JCSAT-14,"4,696 kg (10,353 lb)",GTO,SKY Perfect JSAT Group,Success,Success (drone ship),F9 FT B1022.1,2016-05-06,05:21:00
25,2016-05-27 21:39:00,"Cape Canaveral, LC-40",Thaicom 8,"3,100 kg (6,800 lb)",GTO,Thaicom,Success,Success (drone ship),F9 FT B1023.1,2016-05-27,21:39:00
26,2016-06-15 14:29:00,"Cape Canaveral, LC-40",ABS-2A Eutelsat 117 West B,"3,600 kg (7,900 lb)",GTO,ABS Eutelsat,Success,Failure (drone ship),F9 FT B1024.1,2016-06-15,14:29:00
27,2016-07-18 04:45:00,"Cape Canaveral, LC-40",SpaceX CRS-9 (Dragon C111.1),"2,257 kg (4,976 lb)",LEO (ISS),NASA (CRS),Success,Success (ground pad),F9 FT B1025.1,2016-07-18,04:45:00
28,2016-08-14 05:26:00,"Cape Canaveral, LC-40",JCSAT-16,"4,600 kg (10,100 lb)",GTO,SKY Perfect JSAT Group,Success,Success (drone ship),F9 FT B1026.1,2016-08-14,05:26:00
N/A [e],2016-09-03 07:00:00,"Cape Canaveral, LC-40",Amos-6,"5,500 kg (12,100 lb)",GTO,Spacecom,Precluded (failure pre-flight),Precluded (drone ship),F9 FT B1028.1,2016-09-03,07:00:00
29,2017-01-14 17:54:00,"VAFB, SLC-4E",Iridium NEXT-1 (10 satellites),"9,600 kg (21,200 lb)",Polar LEO,Iridium Communications,Success,Success (drone ship),F9 FT B1029.1,2017-01-14,17:54:00
30,2017-02-19 14:39:00,"KSC, LC-39A",SpaceX CRS-10 (Dragon C112.1),"2,490 kg (5,490 lb)",LEO (ISS),NASA (CRS),Success,Success (ground pad),F9 FT B1031.1,2017-02-19,14:39:00
31,2017-03-16 06:00:00,"KSC, LC-39A",EchoStar 23,"5,600 kg (12,300 lb)",GTO,EchoStar,Success,No attempt ,F9 FT B1030.1,2017-03-16,06:00:00
32,2017-03-30 22:27:00,"KSC, LC-39A",SES-10,"5,300 kg (11,700 lb)",GTO,SES,Success,Success (drone ship),F9 FT ♺ B1021.2,2017-03-30,22:27:00
33,2017-05-01 11:15:00,"KSC, LC-39A",NROL-76,Classified,LEO,NRO,Success,Success (ground pad),F9 FT B1032.1,2017-05-01,11:15:00
34,2017-05-15 23:21:00,"KSC, LC-39A",Inmarsat-5 F4,"6,070 kg (13,380 lb)",GTO,Inmarsat,Success,No attempt ,F9 FT B1034.1,2017-05-15,23:21:00
35,2017-06-03 21:07:00,"KSC, LC-39A",SpaceX CRS-11 (Dragon C106.2 ♺),"2,708 kg (5,970 lb)",LEO (ISS),NASA (CRS),Success,Success (ground pad),F9 FT B1035.1,2017-06-03,21:07:00
36,2017-06-23 19:10:00,"KSC, LC-39A",BulgariaSat-1,"3,669 kg (8,089 lb)",GTO,Bulsatcom,Success,Success (drone ship),F9 FT ♺ B1029.2,2017-06-23,19:10:00
37,2017-06-25 20:25:00,"VAFB, SLC-4E",Iridium NEXT-2 (10 satellites),"9,600 kg (21,200 lb)",LEO,Iridium Communications,Success,Success (drone ship),F9 FT B1036.1,2017-06-25,20:25:00
38,2017-07-05 23:38:00,"KSC, LC-39A",Intelsat 35e,"6,761 kg (14,905 lb)",GTO,Intelsat,Success,No attempt ,F9 FT B1037.1,2017-07-05,23:38:00
39,2017-08-14 16:31:00,"KSC, LC-39A",SpaceX CRS-12 (Dragon C113.1),"3,310 kg (7,300 lb)",LEO (ISS),NASA (CRS),Success,Success (ground pad),F9 B4 B1039.1,2017-08-14,16:31:00
40,2017-08-24 18:51:00,"VAFB, SLC-4E",Formosat-5,"475 kg (1,047 lb)",SSO,NSPO,Success,Success (drone ship),F9 FT B1038.1,2017-08-24,18:51:00
41,2017-09-07 14:00:00,"KSC, LC-39A",Boeing X-37B OTV-5,"4,990 kg (11,000 lb) + OTV payload",LEO,USAF,Success,Success (ground pad),F9 B4 B1040.1,2017-09-07,14:00:00
42,2017-10-09 12:37:00,"VAFB, SLC-4E",Iridium NEXT-3 (10 satellites),"9,600 kg (21,200 lb)",Polar LEO,Iridium Communications,Success,Success (drone ship),F9 B4 B1041.1,2017-10-09,12:37:00
43,2017-10-11 22:53:00,"KSC, LC-39A",SES-11 / EchoStar 105,"5,200 kg (11,500 lb)",GTO,SES S.A. EchoStar,Success,Success (drone ship),F9 FT ♺ B1031.2,2017-10-11,22:53:00
44,2017-10-30 19:34:00,"KSC, LC-39A",Koreasat 5A,"3,500 kg (7,700 lb)",GTO,KT Corporation,Success,Success (drone ship),F9 B4 B1042.1,2017-10-30,19:34:00
45,2017-12-15 15:36:00,"Cape Canaveral, SLC-40",SpaceX CRS-13 (Dragon C108.2 ♺),"2,205 kg (4,861 lb)",LEO (ISS),NASA (CRS),Success,Success (ground pad),F9 FT ♺ B1035.2,2017-12-15,15:36:00
46,2017-12-23 01:27:00,"VAFB, SLC-4E",Iridium NEXT-4 (10 satellites),"9,600 kg (21,200 lb)",Polar LEO,Iridium Communications,Success,Controlled (ocean)[d],F9 FT ♺ B1036.2,2017-12-23,01:27:00
47,2018-01-08 01:00:00,"CCAFS, SLC-40",Zuma,Classified,LEO,Northrop Grumman [f],Success,Success (ground pad),F9 B4 B1043.1,2018-01-08,01:00:00
48,2018-01-31 21:25:00,"CCAFS, SLC-40",GovSat-1 (SES-16),"4,230 kg (9,330 lb)",GTO,SES,Success,Controlled (ocean)[d],F9 FT ♺ B1032.2,2018-01-31,21:25:00
FH 1,2018-02-06 20:45:00,"KSC, LC-39A",Elon Musk's Tesla Roadster,"~1,250 kg (2,760 lb)",Heliocentric 0.99–1.67 AU (close to Mars transfer orbit),SpaceX,Success,Failure (drone ship),Falcon Heavy B1033.1 (core),2018-02-06,20:45:00
FH 1,2018-02-06 20:45:00,"KSC, LC-39A",Elon Musk's Tesla Roadster,"~1,250 kg (2,760 lb)",Heliocentric 0.99–1.67 AU (close to Mars transfer orbit),SpaceX,Success,Success (ground pad),B1023.2 (side) ♺,2018-02-06,20:45:00
FH 1,2018-02-06 20:45:00,"KSC, LC-39A",Elon Musk's Tesla Roadster,"~1,250 kg (2,760 lb)",Heliocentric 0.99–1.67 AU (close to Mars transfer orbit),SpaceX,Success,Success (ground pad),B1025.2 (side) ♺,2018-02-06,20:45:00
49,2018-02-22 14:17:00,"VAFB, SLC-4E",Paz Tintin A and Tintin B,"2,150 kg (4,740 lb)",SSO,Hisdesat exactEarth SpaceX,Success,No attempt ,F9 FT ♺ B1038.2,2018-02-22,14:17:00
50,2018-03-06 05:33:00,"CCAFS, SLC-40",Hispasat 30W-6 PODSat,"6,092 kg (13,431 lb)",GTO,Hispasat NovaWurks,Success,No attempt ,F9 B4 B1044.1,2018-03-06,05:33:00
51,2018-03-30 14:14:00,"VAFB, SLC-4E",Iridium NEXT-5 (10 satellites),"9,600 kg (21,200 lb)",Polar LEO,Iridium Communications,Success,No attempt ,F9 B4 ♺ B1041.2,2018-03-30,14:14:00
52,2018-04-02 20:30:00,"CCAFS, SLC-40",SpaceX CRS-14 (Dragon C110.2 ♺),"2,647 kg (5,836 lb)",LEO (ISS),NASA (CRS),Success,No attempt ,F9 B4 ♺ B1039.2,2018-04-02,20:30:00
53,2018-04-18 22:51:00,"CCAFS, SLC-40",Transiting Exoplanet Survey Satellite (TESS),362 kg (798 lb),HEO for P/2 orbit,NASA (LSP),Success,Success (drone ship),F9 B4 B1045.1,2018-04-18,22:51:00
54,2018-05-11 20:14:00,"KSC, LC-39A",Bangabandhu-1,"3,600 kg (7,900 lb)",GTO,Thales-Alenia / BTRC,Success,Success (drone ship),F9 B5 B1046.1,2018-05-11,20:14:00
55,2018-05-22 19:47:00,"VAFB, SLC-4E",Iridium NEXT-6 (5 satellites) GRACE-FO × 2,"6,460 kg (14,240 lb)[g]",Polar LEO,Iridium Communications GFZ • NASA,Success,No attempt ,F9 B4 ♺ B1043.2,2018-05-22,19:47:00
56,2018-06-04 04:45:00,"CCAFS, SLC-40",SES-12,"5,384 kg (11,870 lb)",GTO,SES,Success,No attempt ,F9 B4 ♺ B1040.2,2018-06-04,04:45:00
57,2018-06-29 09:42:00,"CCAFS, SLC-40",SpaceX CRS-15 (Dragon C111.2 ♺),"2,697 kg (5,946 lb)",LEO (ISS),NASA (CRS),Success,No attempt ,F9 B4 ♺ B1045.2,2018-06-29,09:42:00
58,2018-07-22 05:50:00,"CCAFS, SLC-40",Telstar 19V,"7,075 kg (15,598 lb)",GTO,Telesat,Success,Success (drone ship),F9 B5 B1047.1,2018-07-22,05:50:00
59,2018-07-25 11:39:00,"VAFB, SLC-4E",Iridium NEXT-7 (10 satellites),"9,600 kg (21,200 lb)",Polar LEO,Iridium Communications,Success,Success (drone ship),F9 B5 B1048.1,2018-07-25,11:39:00
60,2018-08-07 05:18:00,"CCAFS, SLC-40",Merah Putih (formerly Telkom 4),"5,800 kg (12,800 lb)",GTO,Telkom Indonesia,Success,Success (drone ship),F9 B5 ♺ B1046.2,2018-08-07,05:18:00
61,2018-09-10 04:45:00,"CCAFS, SLC-40",Telstar 18V / Apstar-5C,"7,060 kg (15,560 lb)",GTO,Telesat,Success,Success (drone ship),F9 B5 B1049.1,2018-09-10,04:45:00
62,2018-10-08 02:22:00,"VAFB, SLC-4E",SAOCOM 1A,"3,000 kg (6,600 lb)",SSO,CONAE,Success,Success (ground pad),F9 B5 ♺ B1048.2,2018-10-08,02:22:00
63,2018-11-15 20:46:00,"KSC, LC-39A",Es'hail 2,"5,300 kg (11,700 lb)",GTO,Es'hailSat,Success,Success (drone ship),F9 B5 ♺ B1047.2,2018-11-15,20:46:00
64,2018-12-03 18:34:05,"VAFB, SLC-4E",SSO-A (SmallSat Express),"~4,000 kg (8,800 lb)",SSO,Spaceflight Industries,Success,Success (drone ship),F9 B5 ♺ B1046.3 SHERPA,2018-12-03,18:34:05
65,2018-12-05 18:16:00,"CCAFS, SLC-40",SpaceX CRS-16 (Dragon C112.2♺ ),"2,500 kg (5,500 lb)",LEO (ISS),NASA (CRS),Success,Failure (ground pad),F9 B5 B1050,2018-12-05,18:16:00
66,2018-12-23 13:51:00,"CCAFS, SLC-40",GPS III-01 (Vespucci),"4,400 kg (9,700 lb)",MEO,USAF,Success,No attempt ,F9 B5 B1054,2018-12-23,13:51:00
67,2019-01-11 15:31:00,"VAFB, SLC-4E",Iridium NEXT-8 (10 satellites),"9,600 kg (21,200 lb)",Polar LEO,Iridium Communications,Success,Success (drone ship),F9 B5 ♺ B1049.2,2019-01-11,15:31:00
68,2019-02-22 01:45:00,"CCAFS, SLC-40",Nusantara Satu (PSN-6) Beresheet Moon lander S5,"4,850 kg (10,690 lb)",GTO,PSN SpaceIL / IAI Air Force Research,Success,Success (drone ship),F9 B5 ♺ B1048.3,2019-02-22,01:45:00
69,2019-03-02 07:49:00,"KSC, LC-39A",Crew Dragon Demo-1 (Dragon C201),"12,055 kg (26,577 lb)[h]",LEO (ISS),NASA (CCD),Success,Success (drone ship),F9 B5 B1051.1,2019-03-02,07:49:00
FH 2,2019-04-11 22:35:00,"KSC, LC-39A",Arabsat-6A,"6,465 kg (14,253 lb)",GTO,Arabsat,Success,Success[i] (drone ship),Falcon Heavy B1055 core,2019-04-11,22:35:00
FH 2,2019-04-11 22:35:00,"KSC, LC-39A",Arabsat-6A,"6,465 kg (14,253 lb)",GTO,Arabsat,Success,Success (ground pad),B1052.1 (side),2019-04-11,22:35:00
FH 2,2019-04-11 22:35:00,"KSC, LC-39A",Arabsat-6A,"6,465 kg (14,253 lb)",GTO,Arabsat,Success,Success (ground pad),B1053.1 (side),2019-04-11,22:35:00
70,2019-05-04 06:48:00,"CCAFS, SLC-40",SpaceX CRS-17 (Dragon C113.2 ♺),"2,495 kg (5,501 lb)",LEO (ISS),NASA (CRS),Success,Success (drone ship),F9 B5 B1056.1,2019-05-04,06:48:00
71,2019-05-24 02:30:00,"CCAFS, SLC-40",Starlink v0.9 (60 satellites),"13,620 kg (30,030 lb)",LEO,SpaceX,Success,Success (drone ship),F9 B5 ♺ B1049.3,2019-05-24,02:30:00
72,2019-06-12 14:17:00,"VAFB, SLC-4E",RADARSAT Constellation (3 satellites),"4,200 kg (9,300 lb)",SSO,Canadian Space Agency (CSA),Success,Success (ground pad),F9 B5 ♺ B1051.2,2019-06-12,14:17:00
FH 3,2019-06-25 06:30:00,"KSC, LC-39A",Space Test Program Flight 2 (STP-2),"3,700 kg (8,200 lb)",LEO / MEO,USAF,Success,Failure (drone ship),Falcon Heavy B1057 core,2019-06-25,06:30:00
FH 3,2019-06-25 06:30:00,"KSC, LC-39A",Space Test Program Flight 2 (STP-2),"3,700 kg (8,200 lb)",LEO / MEO,USAF,Success,Success (ground pad),B1052.2 (side) ♺,2019-06-25,06:30:00
FH 3,2019-06-25 06:30:00,"KSC, LC-39A",Space Test Program Flight 2 (STP-2),"3,700 kg (8,200 lb)",LEO / MEO,USAF,Success,Success (ground pad),B1053.2 (side) ♺,2019-06-25,06:30:00
73,2019-07-25 22:01:00,CCAFS SLC-40,SpaceX CRS-18 (Dragon C108.3 ♺),"2,268 kg (5,000 lb)",LEO (ISS),NASA (CRS),Success,Success (ground pad),F9 B5 ♺ B1056.2,2019-07-25,22:01:00
74,2019-08-06 23:23:00,"CCAFS, SLC-40",AMOS-17,"6,500 kg (14,300 lb)",GTO,Spacecom,Success,No attempt,F9 B5 ♺ B1047.3,2019-08-06,23:23:00
75,2019-11-11 14:56:00,"CCAFS, SLC-40",Starlink 1 v1.0 (60 satellites),"15,600 kg (34,400 lb)",LEO,SpaceX,Success,Success (drone ship),F9 B5 ♺ B1048.4,2019-11-11,14:56:00
76,2019-12-05 17:29:00,"CCAFS, SLC-40",SpaceX CRS-19 (Dragon C106.3 ♺),"2,617 kg (5,769 lb)",LEO (ISS),NASA (CRS),Success,Success (drone ship),F9 B5 B1059.1,2019-12-05,17:29:00
77,2019-12-17 00:10:00,"CCAFS, SLC-40",JCSat-18 / Kacific 1,"6,956 kg (15,335 lb)",GTO,Sky Perfect JSAT Kacific 1,Success,Success (drone ship),F9 B5 ♺ B1056.3,2019-12-17,00:10:00
78,2020-01-07 02:19:21,"CCAFS, SLC-40",Starlink 2 v1.0 (60 satellites),"15,600 kg (34,400 lb)",LEO,SpaceX,Success,Success (drone ship),F9 B5 ♺ B1049.4,2020-01-07,02:19:21
79,2020-01-19 15:30:00,"KSC, LC-39A",Crew Dragon in-flight abort test (Dragon C205.1),"12,050 kg (26,570 lb)",Sub-orbital,NASA (CTS),Success,No attempt,F9 B5 ♺ B1046.4,2020-01-19,15:30:00
80,2020-01-29 14:07:00,"CCAFS, SLC-40",Starlink 3 v1.0 (60 satellites),"15,600 kg (34,400 lb)",LEO,SpaceX,Success,Success (drone ship),F9 B5 ♺ B1051.3,2020-01-29,14:07:00
81,2020-02-17 15:05:00,"CCAFS, SLC-40",Starlink 4 v1.0 (60 satellites),"15,600 kg (34,400 lb)",LEO,SpaceX,Success,Failure (drone ship),F9 B5 ♺ B1056.4,2020-02-17,15:05:00
82,2020-03-07 04:50:00,"CCAFS, SLC-40",SpaceX CRS-20 (Dragon C112.3 ♺),"1,977 kg (4,359 lb)",LEO (ISS),NASA (CRS),Success,Success (ground pad),F9 B5 ♺ B1059.2,2020-03-07,04:50:00
83,2020-03-18 12:16:00,"KSC, LC-39A",Starlink 5 v1.0 (60 satellites),"15,600 kg (34,400 lb)",LEO,SpaceX,Success,Failure (drone ship),F9 B5 ♺ B1048.5,2020-03-18,12:16:00
84,2020-04-22 19:30:00,"KSC, LC-39A",Starlink 6 v1.0 (60 satellites),"15,600 kg (34,400 lb)",LEO,SpaceX,Success,Success (drone ship),F9 B5 ♺ B1051.4,2020-04-22,19:30:00
85,2020-05-30 19:22:00,"KSC, LC-39A",Crew Dragon Demo-2 (Crew Dragon C206.1 Endeavour),"12,530 kg (27,620 lb)",LEO (ISS),NASA (CCDev),Success,Success (drone ship),F9 B5 B1058.1,2020-05-30,19:22:00
86,2020-06-04 01:25:00,"CCAFS, SLC-40",Starlink 7 v1.0 (60 satellites),"15,600 kg (34,400 lb)",LEO,SpaceX,Success,Success (drone ship),F9 B5 ♺ B1049.5,2020-06-04,01:25:00
87,2020-06-13 09:21:00,"CCAFS, SLC-40","Starlink 8 v1.0 (58 satellites), SkySats-16, -17, -18","15,410 kg (33,970 lb)",LEO,SpaceX Planet Labs,Success,Success (drone ship),F9 B5 ♺ B1059.3,2020-06-13,09:21:00
88,2020-06-30 20:10:46,"CCAFS, SLC-40",GPS III-03 (Matthew Henson),"4,311 kg (9,504 lb)",MEO,U.S. Space Force,Success,Success (drone ship),F9 B5 B1060.1,2020-06-30,20:10:46
89,2020-07-20 21:30:00,"CCAFS, SLC-40",ANASIS-II,"5,000–6,000 kg (11,000–13,000 lb)",GTO,Republic of Korea Army,Success,Success (drone ship),F9 B5 ♺ B1058.2,2020-07-20,21:30:00
90,2020-08-07 05:12:00,"KSC, LC-39A","Starlink 9 v1.0 (57 Satellites), SXRS-1 (BlackSky Global 7 and 8)","14,932 kg (32,919 lb)",LEO,SpaceX Spaceflight Industries (BlackSky),Success,Success (drone ship),F9 B5 ♺ B1051.5,2020-08-07,05:12:00
91,2020-08-18 14:31:00,"CCAFS, SLC-40","Starlink 10 v1.0 (58 satellites) SkySat-19, -20, -21","~15,440 kg (34,040 lb)",LEO,SpaceX Planet Labs,Success,Success (drone ship),F9 B5 ♺ B1049.6,2020-08-18,14:31:00
92,2020-08-30 23:18:00,"CCAFS, SLC-40",SAOCOM 1B GNOMES 1 Tyvak-0172,"3,130 kg (6,900 lb)",SSO,CONAE PlanetIQ Tyvak,Success,Success (ground pad),F9 B5 ♺ B1059.4,2020-08-30,23:18:00
93,2020-09-03 12:46:14,"KSC, LC-39A",Starlink 11 v1.0 (60 satellites),"15,600 kg (34,400 lb)",LEO,SpaceX,Success,Success (drone ship),F9 B5 ♺ B1060.2,2020-09-03,12:46:14
94,2020-10-06 11:29:34,"KSC, LC-39A",Starlink 12 v1.0 (60 satellites),"15,600 kg (34,400 lb)",LEO,SpaceX,Success,Success (drone ship),F9 B5 ♺ B1058.3,2020-10-06,11:29:34
95,2020-10-18 12:25:57,"KSC, LC-39A",Starlink 13 v1.0 (60 satellites),"15,600 kg (34,400 lb)",LEO,SpaceX,Success,Success (drone ship),F9 B5 ♺ B1051.6,2020-10-18,12:25:57
96,2020-10-24 15:31:34,"CCAFS, SLC-40",Starlink 14 v1.0 (60 satellites),"15,600 kg (34,400 lb)",LEO,SpaceX,Success,Success (drone ship),F9 B5 ♺ B1060.3,2020-10-24,15:31:34
97,2020-11-05 23:24:23,"CCAFS, SLC-40",GPS III-04 (Sacagawea),"4,311 kg (9,504 lb)",MEO,USSF,Success,Success (drone ship),F9 B5 B1062.1,2020-11-05,23:24:23
98,2020-11-16 00:27:00,"KSC, LC-39A",Crew-1 (Crew Dragon C207.1 Resilience),"~12,500 kg (27,600 lb)",LEO (ISS),NASA (CCP),Success,Success (drone ship),F9 B5 B1061.1,2020-11-16,00:27:00
99,2020-11-21 17:17:08,"VAFB, SLC-4E",Sentinel-6 Michael Freilich (Jason-CS A),"1,192 kg (2,628 lb)",LEO,NASA / NOAA / ESA / EUMETSAT,Success,Success (ground pad),F9 B5 B1063.1,2020-11-21,17:17:08
100,2020-11-25 02:13:00,"CCAFS, SLC-40",Starlink 15 v1.0 (60 satellites),"15,600 kg (34,400 lb)",LEO,SpaceX,Success,Success (drone ship),F9 B5 ♺ B1049.7,2020-11-25,02:13:00
101,2020-12-06 16:17:08,"KSC, LC-39A",SpaceX CRS-21 (Dragon C208.1),"2,972 kg (6,552 lb)",LEO (ISS),NASA (CRS),Success,Success (drone ship),F9 B5 ♺ B1058.4,2020-12-06,16:17:08
102,2020-12-13 17:30:00,"CCSFS, SLC-40",SXM-7,"7,000 kg (15,000 lb)",GTO,Sirius XM,Success,Success (drone ship),F9 B5 ♺ B1051.7,2020-12-13,17:30:00
103,2020-12-19 14:00:00,"KSC, LC-39A",NROL-108,Classified,LEO,NRO,Success,Success (ground pad),F9 B5 ♺ B1059.5,2020-12-19,14:00:00
104,2021-01-08 02:15:00,"CCSFS, SLC-40",Türksat 5A,"3,500 kg (7,700 lb)",GTO,Türksat,Success,Success (drone ship),F9 B5 ♺ B1060.4,2021-01-08,02:15:00
105,2021-01-20 13:02:00,"KSC, LC-39A",Starlink 16 v1.0 (60 satellites),"15,600 kg (34,400 lb)",LEO,SpaceX,Success,Success (drone ship),F9 B5 ♺ B1051.8,2021-01-20,13:02:00
106,2021-01-24 15:00:00,"CCSFS, SLC-40",Transporter-1 (143 smallsat rideshare),"~5,000 kg (11,000 lb)",SSO,Various,Success,Success (drone ship),F9 B5 ♺ B1058.5,2021-01-24,15:00:00
107,2021-02-04 06:19:00,"CCSFS, SLC-40",Starlink 18 v1.0 (60 satellites),"15,600 kg (34,400 lb)",LEO,SpaceX,Success,Success (drone ship),F9 B5 ♺ B1060.5,2021-02-04,06:19:00
108,2021-02-16 03:59:37,"CCSFS, SLC-40",Starlink 19 v1.0 (60 satellites),"15,600 kg (34,400 lb)",LEO,SpaceX,Success,Failure  (drone ship),F9 B5 ♺ B1059.6,2021-02-16,03:59:37
109,2021-03-04 08:24:00,"KSC, LC-39A",Starlink 17 v1.0 (60 satellites),"15,600 kg (34,400 lb)",LEO,SpaceX,Success,Success (drone ship),F9 B5 ♺ B1049.8,2021-03-04,08:24:00
110,2021-03-11 08:13:29,"CCSFS, SLC-40",Starlink 20 v1.0 (60 satellites),"15,600 kg (34,400 lb)",LEO,SpaceX,Success,Success (drone ship),F9 B5 ♺ B1058.6,2021-03-11,08:13:29
111,2021-03-14 10:01:00,"KSC, LC-39A",Starlink 21 v1.0 (60 satellites),"15,600 kg (34,400 lb)",LEO,SpaceX,Success,Success (drone ship),F9 B5 ♺ B1051.9,2021-03-14,10:01:00
112,2021-03-24 08:28:00,"CCSFS, SLC-40",Starlink 22 v1.0 (60 satellites),"15,600 kg (34,400 lb)",LEO,SpaceX,Success,Success (drone ship),F9 B5 ♺ B1060.6,2021-03-24,08:28:00
113,2021-04-07 16:34:00,"CCSFS, SLC-40",Starlink 23 v1.0 (60 satellites),"15,600 kg (34,400 lb)",LEO,SpaceX,Success,Success (drone ship),F9 B5 ♺ B1058.7,2021-04-07,16:34:00
114,2021-04-23 09:49:00,"KSC, LC-39A",Crew-2 (Crew Dragon C206.2 Endeavour ♺),"~13,000 kg (29,000 lb)",LEO (ISS),NASA (CTS),Success,Success (drone ship),F9 B5 ♺ B1061.2,2021-04-23,09:49:00
115,2021-04-29 03:44:00,"CCSFS, SLC-40",Starlink 24 v1.0 (60 satellites),"15,600 kg (34,400 lb)",LEO,SpaceX,Success,Success (drone ship),F9 B5 ♺ B1060.7,2021-04-29,03:44:00
116,2021-05-04 19:01:00,"KSC, LC-39A",Starlink 25 v1.0 (60 satellites),"15,600 kg (34,400 lb)",LEO,SpaceX,Success,Success (drone ship),F9 B5 ♺ B1049.9,2021-05-04,19:01:00
117,2021-05-09 06:42:00,"CCSFS, SLC-40",Starlink 27 v1.0 (60 satellites),"15,600 kg (34,400 lb)",LEO,SpaceX,Success,Success (drone ship),F9 B5 ♺ B1051.10,2021-05-09,06:42:00
118,2021-05-15 22:56:00,"KSC, LC-39A",Starlink 26 v1.0 (52 Satellites)  Capella-6 &Tyvak-0130,"~14,000 kg (31,000 lb)",LEO,SpaceX  Capella Space and Tyvak,Success,Success (drone ship),F9 B5 ♺ B1058.8,2021-05-15,22:56:00
119,2021-05-26 18:59:00,"CCSFS, SLC-40",Starlink 28 v1.0 (60 Satellites),"15,600 kg (34,400 lb)",LEO,SpaceX,Success,Success (drone ship),F9 B5 ♺ B1063.2,2021-05-26,18:59:00
120,2021-06-03 17:29:00,"KSC, LC-39A",SpaceX CRS-22 (Dragon C209.1),"3,328 kg (7,337 lb)",LEO (ISS),NASA (CRS),Success,Success (drone ship),F9 B5 B1067.1,2021-06-03,17:29:00
121,2021-06-06 04:26:00,"CCSFS, SLC-40",SXM-8,"7,000 kg (15,000 lb)",GTO,Sirius XM,Success,Success (drone ship),F9 B5 ♺ B1061.3,2021-06-06,04:26:00
